PDB,predicted_dG,pdb_file,receptor_chains,ligand_chains
1A2K,7.232359159194186,../GraPPI_data/PDB/S79/1A2K.pdb,A+B,C
1ACB,12.34366947452988,../GraPPI_data/PDB/S79/1ACB.pdb,I,E
1AK4,6.088826293016176,../GraPPI_data/PDB/S79/1AK4.pdb,D,A
1AKJ,7.426334647145238,../GraPPI_data/PDB/S79/1AKJ.pdb,D+E,A+B
1ATN,10.077390915566816,../GraPPI_data/PDB/S79/1ATN.pdb,D,A
1AVZ,9.036575817097855,../GraPPI_data/PDB/S79/1AVZ.pdb,C,B
1B6C,10.445428685916225,../GraPPI_data/PDB/S79/1B6C.pdb,B,A
1BJ1,11.92543720462729,../GraPPI_data/PDB/S79/1BJ1.pdb,V+W,H+L
1BUH,8.468909576420824,../GraPPI_data/PDB/S79/1BUH.pdb,B,A
1bvk,10.098968066802748,../GraPPI_data/PDB/S79/1bvk.pdb,C,A+B
1BVN,11.253457245025904,../GraPPI_data/PDB/S79/1BVN.pdb,T,P
1CBW,12.351593082419264,../GraPPI_data/PDB/S79/1CBW.pdb,I,F+G+H
1DQJ,10.238457471877496,../GraPPI_data/PDB/S79/1DQJ.pdb,C,A+B
1E4K,11.070969145380792,../GraPPI_data/PDB/S79/1E4K.pdb,C,A+B
1E6E,9.015852059554954,../GraPPI_data/PDB/S79/1E6E.pdb,B,A
1e6j,10.913169125512376,../GraPPI_data/PDB/S79/1e6j.pdb,P,H+L
1E96,8.329436862866794,../GraPPI_data/PDB/S79/1E96.pdb,B,A
1EER,11.911375214703414,../GraPPI_data/PDB/S79/1EER.pdb,B+C,A
1EFN,9.54890131758752,../GraPPI_data/PDB/S79/1EFN.pdb,B,A
1EMV,14.160468565539444,../GraPPI_data/PDB/S79/1EMV.pdb,B,A
1EWY,8.967190526781184,../GraPPI_data/PDB/S79/1EWY.pdb,C,A
1EZU,10.900115168052714,../GraPPI_data/PDB/S79/1EZU.pdb,A+B,C
1FC2,10.216072346831163,../GraPPI_data/PDB/S79/1FC2.pdb,D,C
1FFW,6.569347824815991,../GraPPI_data/PDB/S79/1FFW.pdb,B,A
1fsk,11.09342321691934,../GraPPI_data/PDB/S79/1fsk.pdb,G,H+I
1GCQ,7.803312625533287,../GraPPI_data/PDB/S79/1GCQ.pdb,C,A+B
1GLA,8.675401622755261,../GraPPI_data/PDB/S79/1GLA.pdb,F,G
1GXD,8.81229188628819,../GraPPI_data/PDB/S79/1GXD.pdb,C,A
1HE8,8.412626889020979,../GraPPI_data/PDB/S79/1HE8.pdb,B,A
1I2M,10.09021623361841,../GraPPI_data/PDB/S79/1I2M.pdb,B,A
1I4D,7.246196107215922,../GraPPI_data/PDB/S79/1I4D.pdb,A+B,D
1J2J,9.47597339255054,../GraPPI_data/PDB/S79/1J2J.pdb,B,A
1jps,12.52392751988974,../GraPPI_data/PDB/S79/1jps.pdb,T,H+L
1JTG,9.3006962453202,../GraPPI_data/PDB/S79/1JTG.pdb,B,A
1JWH,8.188490103066856,../GraPPI_data/PDB/S79/1JWH.pdb,A,C+D
1K5D,10.32687066080427,../GraPPI_data/PDB/S79/1K5D.pdb,C,A+B
1KAC,10.068343117120902,../GraPPI_data/PDB/S79/1KAC.pdb,B,A
1KKL,8.619882840938022,../GraPPI_data/PDB/S79/1KKL.pdb,H,A+B+C
1KTZ,11.092999598841873,../GraPPI_data/PDB/S79/1KTZ.pdb,B,A
1kxq,11.12096769396629,../GraPPI_data/PDB/S79/1kxq.pdb,B,G
1LFD,8.354637874607125,../GraPPI_data/PDB/S79/1LFD.pdb,B,A
1MLC,10.000257550690089,../GraPPI_data/PDB/S79/1MLC.pdb,E,A+B
1MQ8,9.298508046962436,../GraPPI_data/PDB/S79/1MQ8.pdb,B,A
1p2c,10.157858485159776,../GraPPI_data/PDB/S79/1p2c.pdb,C,A+B
1PPE,10.74933636166243,../GraPPI_data/PDB/S79/1PPE.pdb,I,E
1PVH,10.874540880170024,../GraPPI_data/PDB/S79/1PVH.pdb,B,A
1QA9,7.932514164616314,../GraPPI_data/PDB/S79/1QA9.pdb,B,A
1R0R,13.836553752059842,../GraPPI_data/PDB/S79/1R0R.pdb,I,E
1S1Q,5.976760904311329,../GraPPI_data/PDB/S79/1S1Q.pdb,B,A
1US7,9.549865896011454,../GraPPI_data/PDB/S79/1US7.pdb,B,A
1VFB,10.222163873455656,../GraPPI_data/PDB/S79/1VFB.pdb,C,A+B
1wej,10.90254024422993,../GraPPI_data/PDB/S79/1wej.pdb,F,H+L
1XQS,9.978794557526571,../GraPPI_data/PDB/S79/1XQS.pdb,C,A
1XU1,10.19544733867862,../GraPPI_data/PDB/S79/1XU1.pdb,T,A+B+D
1Z0K,9.7019865681487,../GraPPI_data/PDB/S79/1Z0K.pdb,B,A
1ZHI,7.862981684618926,../GraPPI_data/PDB/S79/1ZHI.pdb,B,A
2A9K,9.891347662515404,../GraPPI_data/PDB/S79/2A9K.pdb,B,A
2ABZ,10.636800323215567,../GraPPI_data/PDB/S79/2ABZ.pdb,E,B
2AJF,9.55509631635343,../GraPPI_data/PDB/S79/2AJF.pdb,E,A
2AQ3,9.159330426552632,../GraPPI_data/PDB/S79/2AQ3.pdb,B,A
2C0L,8.69749072805917,../GraPPI_data/PDB/S79/2C0L.pdb,B,A
2FJU,9.050622249201046,../GraPPI_data/PDB/S79/2FJU.pdb,A,B
2GOX,10.44726120287925,../GraPPI_data/PDB/S79/2GOX.pdb,B,A
2HQS,10.048040871055422,../GraPPI_data/PDB/S79/2HQS.pdb,H,A
2HRK,9.311178958080498,../GraPPI_data/PDB/S79/2HRK.pdb,B,A
2I25,11.128705097493636,../GraPPI_data/PDB/S79/2I25.pdb,L,N
2MTA,9.556571482977349,../GraPPI_data/PDB/S79/2MTA.pdb,A,H+L
2NYZ,8.26201174153836,../GraPPI_data/PDB/S79/2NYZ.pdb,D,A+B
2OOB,5.744808812258518,../GraPPI_data/PDB/S79/2OOB.pdb,B,A
2PCB,7.042111437032107,../GraPPI_data/PDB/S79/2PCB.pdb,B,A
2PCC,7.0664774573364095,../GraPPI_data/PDB/S79/2PCC.pdb,B,A
2TGP,10.464381461271094,../GraPPI_data/PDB/S79/2TGP.pdb,I,Z
2VIR,10.475084467281734,../GraPPI_data/PDB/S79/2VIR.pdb,C,A+B
2VIS,10.471649376652088,../GraPPI_data/PDB/S79/2VIS.pdb,C,A+B
2WPT,12.828647724588624,../GraPPI_data/PDB/S79/2WPT.pdb,B,A
3BZD,9.47945433052416,../GraPPI_data/PDB/S79/3BZD.pdb,B,A
3CPH,8.694261897667861,../GraPPI_data/PDB/S79/3CPH.pdb,A,G
3SGB,11.245023949242288,../GraPPI_data/PDB/S79/3SGB.pdb,I,E
4CPA,11.495919613404189,../GraPPI_data/PDB/S79/4CPA.pdb,I,A
