,residue_index,res_name,res_letter,if_interface,attention_total
0,1,LEU,L,False,2.134848117828369
1,2,TRP,W,False,1.9230940341949463
2,3,ASP,D,False,2.727836847305298
3,4,THR,T,False,1.8351362943649292
4,5,THR,T,False,1.786774754524231
5,6,VAL,V,False,1.5699723958969116
6,7,ARG,R,False,1.7858717441558838
7,8,LEU,L,False,1.6109437942504883
8,9,SER,S,False,1.5251747369766235
9,10,GLU,E,False,1.229109764099121
10,11,THR,T,False,1.3533588647842407
11,12,MET,M,False,1.440445065498352
12,13,THR,T,False,1.9839996099472046
13,14,LEU,L,False,2.21703839302063
14,15,GLU,E,False,2.3143603801727295
15,16,CYS,C,False,2.0577263832092285
16,17,VAL,V,False,1.5962519645690918
17,18,TYR,Y,False,2.4670827388763428
18,19,PRO,P,False,2.2654216289520264
19,20,LEU,L,False,1.6788294315338135
20,21,THR,T,False,1.5006322860717773
21,22,HIS,H,False,1.5669537782669067
22,23,ASN,N,True,2.278254747390747
23,24,LEU,L,True,3.410576820373535
24,25,THR,T,True,2.7791826725006104
25,26,GLN,Q,True,2.5163631439208984
26,27,VAL,V,True,2.674947500228882
27,28,GLU,E,True,2.7857298851013184
28,29,TRP,W,True,4.377107620239258
29,30,THR,T,True,2.7635598182678223
30,31,LYS,K,False,3.1752023696899414
31,32,ASN,N,False,2.3156239986419678
32,33,THR,T,False,1.664227843284607
33,34,GLY,G,False,1.3465230464935303
34,35,THR,T,False,1.2604800462722778
35,36,LYS,K,False,1.3459866046905518
36,37,THR,T,True,2.7768938541412354
37,38,VAL,V,True,2.6303229331970215
38,39,SER,S,True,2.0723206996917725
39,40,ILE,I,True,2.9617648124694824
40,41,ALA,A,True,2.146014451980591
41,42,VAL,V,True,1.7433602809906006
42,43,TYR,Y,True,3.391134262084961
43,44,ASN,N,True,1.9682847261428833
44,45,PRO,P,True,2.076070785522461
45,46,ASN,N,True,1.7039371728897095
46,47,HIS,H,True,2.0819649696350098
47,48,ASN,N,True,1.571485161781311
48,49,MET,M,True,2.6515603065490723
49,50,HIS,H,True,2.0184524059295654
50,51,ILE,I,True,3.0036568641662598
51,52,GLU,E,True,2.535385847091675
52,53,SER,S,False,1.3236819505691528
53,54,ASN,N,False,1.5143226385116577
54,55,TYR,Y,False,2.5803325176239014
55,56,LEU,L,False,1.4758760929107666
56,57,HIS,H,False,1.57008695602417
57,58,ARG,R,False,2.392503261566162
58,59,VAL,V,False,2.2863197326660156
59,60,HIS,H,False,2.232372283935547
60,61,PHE,F,False,1.995728611946106
61,62,LEU,L,False,1.3353708982467651
62,63,ASN,N,False,1.2079354524612427
63,64,SER,S,False,1.3059537410736084
64,65,THR,T,False,1.227955937385559
65,66,VAL,V,False,1.1753507852554321
66,67,GLY,G,False,1.480735421180725
67,68,PHE,F,False,2.3613576889038086
68,69,ARG,R,False,1.8226569890975952
69,70,ASN,N,False,1.5616439580917358
70,71,MET,M,False,2.0585885047912598
71,72,SER,S,False,1.5002200603485107
72,73,LEU,L,False,2.1248741149902344
73,74,SER,S,False,1.6438851356506348
74,75,PHE,F,False,1.7117387056350708
75,76,TYR,Y,False,1.741660237312317
76,77,ASN,N,False,1.2448557615280151
77,78,ALA,A,False,1.2939684391021729
78,79,SER,S,False,1.4567561149597168
79,80,GLU,E,False,1.5010218620300293
80,81,ALA,A,False,1.398105502128601
81,82,ASP,D,False,1.927383542060852
82,83,ILE,I,False,1.9204539060592651
83,84,GLY,G,False,2.362504482269287
84,85,ILE,I,False,2.9751970767974854
85,86,TYR,Y,False,2.859780788421631
86,87,SER,S,True,2.7666642665863037
87,88,CYS,C,False,2.5166196823120117
88,89,LEU,L,True,3.1054110527038574
89,90,PHE,F,True,2.2398102283477783
90,91,HIS,H,True,1.991990566253662
91,92,ALA,A,True,1.8946754932403564
92,93,PHE,F,True,1.8905646800994873
93,94,PRO,P,True,2.376798391342163
94,95,ASN,N,True,2.1225850582122803
95,96,GLY,G,True,1.8807106018066406
96,97,PRO,P,True,2.4156253337860107
97,98,TRP,W,True,3.253314256668091
98,99,GLU,E,True,3.7021565437316895
99,100,LYS,K,False,2.8653323650360107
100,101,LYS,K,False,2.200129270553589
101,102,ILE,I,False,2.6596858501434326
102,103,LYS,K,False,2.169382095336914
103,104,VAL,V,False,1.8018885850906372
104,105,VAL,V,False,1.6802340745925903
105,106,TRP,W,False,1.2962276935577393
106,107,SER,S,False,1.4688172340393066
107,108,ASP,D,False,1.422327995300293
108,109,SER,S,False,1.4984486103057861
109,110,PHE,F,False,2.02172589302063
110,111,GLU,E,False,1.5841268301010132
111,112,ILE,I,False,1.5070785284042358
112,113,ALA,A,False,1.5513460636138916
113,114,ALA,A,False,1.543357491493225
114,115,PRO,P,False,1.5756964683532715
115,116,SER,S,False,1.6017518043518066
116,117,ASP,D,False,1.5447824001312256
117,118,SER,S,False,1.5430508852005005
118,119,TYR,Y,False,1.435304880142212
119,120,LEU,L,False,1.5375916957855225
120,121,SER,S,False,1.4888712167739868
121,122,ALA,A,False,1.6815202236175537
122,123,GLU,E,False,1.7315036058425903
123,124,PRO,P,False,1.7513092756271362
124,125,GLY,G,False,1.8386476039886475
125,126,GLN,Q,False,1.7777726650238037
126,127,ASP,D,False,1.637861728668213
127,128,VAL,V,False,1.907578945159912
128,129,THR,T,False,1.656005859375
129,130,LEU,L,False,1.9588381052017212
130,131,THR,T,False,1.5789875984191895
131,132,CYS,C,False,1.483495831489563
132,133,GLN,Q,False,1.5426075458526611
133,134,LEU,L,False,1.4812644720077515
134,135,TRP,W,False,1.1896871328353882
135,136,PRO,P,False,1.3891092538833618
136,137,VAL,V,False,1.7686636447906494
137,138,GLN,Q,False,3.307417154312134
138,139,GLN,Q,False,4.523301601409912
139,140,VAL,V,False,2.4182474613189697
140,141,ILE,I,False,2.2627103328704834
141,142,TRP,W,False,2.8836796283721924
142,143,GLU,E,False,1.6911565065383911
143,144,LYS,K,False,1.7601556777954102
144,145,VAL,V,False,2.2861340045928955
145,146,GLN,Q,False,2.0935420989990234
146,147,PRO,P,False,1.4073054790496826
147,148,HIS,H,False,1.6883604526519775
148,149,GLN,Q,False,1.9546263217926025
149,150,VAL,V,False,1.916617512702942
150,151,ASP,D,False,2.056678056716919
151,152,ILE,I,False,2.105762004852295
152,153,LEU,L,False,2.2820491790771484
153,154,ALA,A,False,2.6332592964172363
154,155,SER,S,False,2.353447914123535
155,156,CYS,C,False,2.2770774364471436
156,157,ASN,N,False,2.1305019855499268
157,158,LEU,L,False,2.3341007232666016
158,159,SER,S,False,1.7633483409881592
159,160,GLN,Q,False,2.3340981006622314
160,161,GLU,E,True,2.8900563716888428
161,162,THR,T,True,3.6062111854553223
162,163,ARG,R,True,2.3971540927886963
163,164,TYR,Y,True,3.9171535968780518
164,165,THR,T,True,2.7017080783843994
165,166,SER,S,False,2.9009547233581543
166,167,LYS,K,True,2.890209674835205
167,168,TYR,Y,False,2.829052686691284
168,169,LEU,L,False,1.9695771932601929
169,170,ARG,R,False,4.508624076843262
170,171,GLN,Q,False,1.6559594869613647
171,172,THR,T,False,1.6425076723098755
172,173,ARG,R,False,1.4636987447738647
173,174,SER,S,False,2.734351873397827
174,175,ASN,N,False,1.7313365936279297
175,176,CYS,C,False,2.425168991088867
176,177,SER,S,False,1.5392917394638062
177,178,GLN,Q,False,2.0235891342163086
178,179,GLY,G,False,1.2829523086547852
179,180,SER,S,False,1.3844057321548462
180,181,MET,M,False,1.4175000190734863
181,182,LYS,K,False,1.4084396362304688
182,183,SER,S,False,1.787958025932312
183,184,ILE,I,False,1.6419775485992432
184,185,LEU,L,False,2.1671903133392334
185,186,ILE,I,False,1.628294825553894
186,187,ILE,I,False,1.6854630708694458
187,188,PRO,P,False,1.454959511756897
188,189,ASN,N,False,1.5490115880966187
189,190,ALA,A,False,1.7801711559295654
190,191,MET,M,False,1.8329850435256958
191,192,ALA,A,False,1.9627500772476196
192,193,ALA,A,False,1.8802868127822876
193,194,ASP,D,False,1.95392644405365
194,195,SER,S,False,2.63938045501709
195,196,GLY,G,False,1.6598292589187622
196,197,LEU,L,False,2.817755699157715
197,198,TYR,Y,False,2.616868019104004
198,199,ARG,R,False,2.1926186084747314
199,200,CYS,C,False,1.5915615558624268
200,201,ARG,R,False,1.6024454832077026
201,202,SER,S,False,1.4494988918304443
202,203,GLU,E,False,2.0725324153900146
203,204,ALA,A,False,1.4930294752120972
204,205,ILE,I,False,1.4677921533584595
205,206,THR,T,False,1.3271464109420776
206,207,GLY,G,False,1.245347023010254
207,208,LYS,K,False,1.3767296075820923
208,209,ASN,N,False,1.374983787536621
209,210,LYS,K,False,1.5237315893173218
210,211,SER,S,False,1.603541374206543
211,212,PHE,F,False,1.7612574100494385
212,213,VAL,V,False,1.913691520690918
213,214,ILE,I,False,1.9252458810806274
214,215,ARG,R,False,1.658583164215088
215,216,LEU,L,False,1.7340260744094849
216,217,ILE,I,False,1.6917310953140259
217,218,ILE,I,False,1.7648577690124512
218,219,THR,T,False,1.5114518404006958
219,220,ASP,D,True,1.8251464366912842
220,221,VAL,V,False,1.5515109300613403
221,222,VAL,V,False,1.3268934488296509
222,223,VAL,V,False,1.6184934377670288
223,224,GLN,Q,False,1.5963846445083618
224,225,ALA,A,False,1.4893611669540405
225,226,PRO,P,False,1.4693968296051025
226,227,THR,T,False,1.359268307685852
227,228,GLN,Q,False,1.4118967056274414
228,229,VAL,V,False,1.6803410053253174
229,230,PRO,P,False,1.437854528427124
230,231,GLY,G,False,1.3879183530807495
231,232,PHE,F,False,1.874865174293518
232,233,LEU,L,False,1.3960129022598267
233,234,GLY,G,False,1.388747215270996
234,235,ASP,D,False,1.4988312721252441
235,236,SER,S,False,1.5540075302124023
236,237,VAL,V,False,1.5465221405029297
237,238,THR,T,False,1.7758326530456543
238,239,LEU,L,False,2.014007568359375
239,240,PRO,P,False,1.5700794458389282
240,241,CYS,C,False,1.916183590888977
241,242,TYR,Y,False,1.6593464612960815
242,243,LEU,L,False,1.7579545974731445
243,244,GLN,Q,False,1.388731837272644
244,245,VAL,V,False,1.7099599838256836
245,246,PRO,P,False,1.3183143138885498
246,247,ASN,N,False,1.1689763069152832
247,248,MET,M,False,1.0858709812164307
248,249,GLU,E,False,1.4887113571166992
249,250,VAL,V,True,2.0041654109954834
250,251,THR,T,True,2.7964937686920166
251,252,HIS,H,True,2.5016586780548096
252,253,VAL,V,True,2.667371988296509
253,254,SER,S,True,2.39298415184021
254,255,GLN,Q,True,2.5812666416168213
255,256,LEU,L,True,2.744853973388672
256,257,THR,T,True,2.2865965366363525
257,258,TRP,W,True,4.784102439880371
258,259,ALA,A,True,2.025759220123291
259,260,ARG,R,True,3.9774980545043945
260,261,HIS,H,True,2.4491429328918457
261,262,GLY,G,True,2.047581672668457
262,263,GLU,E,True,2.827747344970703
263,264,SER,S,True,1.9089361429214478
264,265,GLY,G,True,1.6992812156677246
265,266,SER,S,True,1.9225772619247437
266,267,MET,M,True,2.8105621337890625
267,268,ALA,A,True,2.2156100273132324
268,269,VAL,V,True,2.015242338180542
269,270,PHE,F,True,2.667719602584839
270,271,HIS,H,True,2.2699997425079346
271,272,GLN,Q,True,2.4318158626556396
272,273,THR,T,True,2.0147347450256348
273,274,GLN,Q,True,1.5554200410842896
274,275,GLY,G,True,2.1431758403778076
275,276,PRO,P,True,2.3739407062530518
276,277,SER,S,True,2.049391031265259
277,278,TYR,Y,True,2.256709575653076
278,279,SER,S,True,1.9986555576324463
279,280,GLU,E,False,1.9043527841567993
280,281,SER,S,False,1.470160722732544
281,282,LYS,K,False,1.5488498210906982
282,283,ARG,R,False,2.1074182987213135
283,284,LEU,L,False,1.9813264608383179
284,285,GLU,E,False,1.992287278175354
285,286,PHE,F,False,2.179471492767334
286,287,VAL,V,False,1.7835112810134888
287,288,ALA,A,False,1.6488333940505981
288,289,ALA,A,False,1.7187080383300781
289,290,ARG,R,False,1.4502724409103394
290,291,LEU,L,False,1.2899022102355957
291,292,GLY,G,False,1.23748779296875
292,293,ALA,A,False,1.3933978080749512
293,294,GLU,E,False,2.0698747634887695
294,295,LEU,L,False,1.956723928451538
295,296,ARG,R,False,2.5034077167510986
296,297,ASN,N,False,1.8607817888259888
297,298,ALA,A,False,1.767288327217102
298,299,SER,S,False,1.9110318422317505
299,300,LEU,L,False,2.748746633529663
300,301,ARG,R,False,2.0829803943634033
301,302,MET,M,False,1.9325885772705078
302,303,PHE,F,False,1.8409146070480347
303,304,GLY,G,False,1.429869532585144
304,305,LEU,L,False,1.3372870683670044
305,306,ARG,R,False,1.7447881698608398
306,307,VAL,V,False,2.004178047180176
307,308,GLU,E,False,1.7211077213287354
308,309,ASP,D,False,2.3418691158294678
309,310,GLU,E,False,2.307227849960327
310,311,GLY,G,False,1.6744269132614136
311,312,ASN,N,False,2.444690227508545
312,313,TYR,Y,False,3.140989065170288
313,314,THR,T,True,3.242459297180176
314,315,CYS,C,False,1.819156289100647
315,316,LEU,L,True,2.4914095401763916
316,317,PHE,F,True,2.493574380874634
317,318,VAL,V,True,2.4947669506073
318,319,THR,T,True,2.048462390899658
319,320,PHE,F,True,2.0618650913238525
320,321,PRO,P,True,2.438277244567871
321,322,GLN,Q,True,3.1408894062042236
322,323,GLY,G,True,2.1112160682678223
323,324,SER,S,True,2.362490177154541
324,325,ARG,R,True,3.737135648727417
325,326,SER,S,True,2.3269336223602295
326,327,VAL,V,False,2.1297764778137207
327,328,ASP,D,False,2.0754706859588623
328,329,ILE,I,False,2.2293782234191895
329,330,TRP,W,False,1.6899605989456177
330,331,LEU,L,False,1.9261229038238525
331,332,ARG,R,False,1.5916824340820312
332,333,VAL,V,False,2.062255620956421
333,334,LEU,L,False,1.524651050567627
334,335,ALA,A,False,1.4368488788604736
335,336,LYS,K,False,1.294376254081726
336,337,PRO,P,False,1.234228253364563
