PDB,Receptor Chains,Ligand Chains,paths,affinity
1nca_1wej,A,"B,C",../../GraPPI_data/PDB/AbEpiTope/1nca_ag_N_ab_L_H_swap_1wej_ag_F_ab_L_H.pdb,0.0
4u0r_1fsk,A,"B,C",../../GraPPI_data/PDB/AbEpiTope/4u0r_ag_A_ab_C_B_swap_1fsk_ag_D_ab_E_F.pdb,0.0
4jlr_4u0r,A,"B,C",../../GraPPI_data/PDB/AbEpiTope/4jlr_ag_S_ab_L_H_swap_4u0r_ag_A_ab_C_B.pdb,0.0
1iqd_4u0r,A,"B,C",../../GraPPI_data/PDB/AbEpiTope/1iqd_ag_C_ab_A_B_swap_4u0r_ag_A_ab_C_B.pdb,0.0
4jlr_5usl,A,"B,C",../../GraPPI_data/PDB/AbEpiTope/4jlr_ag_S_ab_L_H_swap_5usl_ag_X_ab_L_H.pdb,0.0
1vfb_7dfa,A,"B,C",../../GraPPI_data/PDB/AbEpiTope/1vfb_ag_C_ab_A_B_swap_7dfa_ag_A_ab_L_H.pdb,0.0
2jel_5otj,A,"B,C",../../GraPPI_data/PDB/AbEpiTope/2jel_ag_P_ab_L_H_swap_5otj_ag_D_ab_A_B.pdb,0.0
7vyr_3qum,A,"B,C",../../GraPPI_data/PDB/AbEpiTope/7vyr_ag_C_ab_B_A_swap_3qum_ag_Q_ab_C_D.pdb,0.0
5otj_3qum,A,"B,C",../../GraPPI_data/PDB/AbEpiTope/5otj_ag_D_ab_A_B_swap_3qum_ag_Q_ab_C_D.pdb,0.0
1nsn_1iqd,A,"B,C",../../GraPPI_data/PDB/AbEpiTope/1nsn_ag_S_ab_L_H_swap_1iqd_ag_C_ab_A_B.pdb,0.0
4u0r_1nca,A,"B,C",../../GraPPI_data/PDB/AbEpiTope/4u0r_ag_A_ab_C_B_swap_1nca_ag_N_ab_L_H.pdb,0.0
1wej_1vfb,A,"B,C",../../GraPPI_data/PDB/AbEpiTope/1wej_ag_F_ab_L_H_swap_1vfb_ag_C_ab_A_B.pdb,0.0
1nsn_3qum,A,"B,C",../../GraPPI_data/PDB/AbEpiTope/1nsn_ag_S_ab_L_H_swap_3qum_ag_Q_ab_C_D.pdb,0.0
2vir_1nsn,A,"B,C",../../GraPPI_data/PDB/AbEpiTope/2vir_ag_C_ab_A_B_swap_1nsn_ag_S_ab_L_H.pdb,0.0
1bj1_1wej,"A,B","C,D",../../GraPPI_data/PDB/AbEpiTope/1bj1_ag_V_W_ab_L_H_swap_1wej_ag_F_ab_L_H.pdb,0.0
1jps_4u0r,A,"B,C",../../GraPPI_data/PDB/AbEpiTope/1jps_ag_T_ab_L_H_swap_4u0r_ag_A_ab_C_B.pdb,0.0
4jlr_3qum,A,"B,C",../../GraPPI_data/PDB/AbEpiTope/4jlr_ag_S_ab_L_H_swap_3qum_ag_Q_ab_C_D.pdb,0.0
5otj_1wej,A,"B,C",../../GraPPI_data/PDB/AbEpiTope/5otj_ag_D_ab_A_B_swap_1wej_ag_F_ab_L_H.pdb,0.0
2vir_1nca,A,"B,C",../../GraPPI_data/PDB/AbEpiTope/2vir_ag_C_ab_A_B_swap_1nca_ag_N_ab_L_H.pdb,0.0
7z4t_1iqd,A,"B,C",../../GraPPI_data/PDB/AbEpiTope/7z4t_ag_I_ab_L_H_swap_1iqd_ag_C_ab_A_B.pdb,0.0
1jps_1nsn,A,"B,C",../../GraPPI_data/PDB/AbEpiTope/1jps_ag_T_ab_L_H_swap_1nsn_ag_S_ab_L_H.pdb,0.0
1nsn_1wej,A,"B,C",../../GraPPI_data/PDB/AbEpiTope/1nsn_ag_S_ab_L_H_swap_1wej_ag_F_ab_L_H.pdb,0.0
7z4t_5usl,A,"B,C",../../GraPPI_data/PDB/AbEpiTope/7z4t_ag_I_ab_L_H_swap_5usl_ag_X_ab_L_H.pdb,0.0
5otj_7dfa,A,"B,C",../../GraPPI_data/PDB/AbEpiTope/5otj_ag_D_ab_A_B_swap_7dfa_ag_A_ab_L_H.pdb,0.0
2vir_3qum,A,"B,C",../../GraPPI_data/PDB/AbEpiTope/2vir_ag_C_ab_A_B_swap_3qum_ag_Q_ab_C_D.pdb,0.0
1e6j_1fsk,A,"B,C",../../GraPPI_data/PDB/AbEpiTope/1e6j_ag_P_ab_L_H_swap_1fsk_ag_D_ab_E_F.pdb,0.0
1nsn_1e6j,A,"B,C",../../GraPPI_data/PDB/AbEpiTope/1nsn_ag_S_ab_L_H_swap_1e6j_ag_P_ab_L_H.pdb,0.0
4jlr_7dfa,A,"B,C",../../GraPPI_data/PDB/AbEpiTope/4jlr_ag_S_ab_L_H_swap_7dfa_ag_A_ab_L_H.pdb,0.0
5usl_1vfb,A,"B,C",../../GraPPI_data/PDB/AbEpiTope/5usl_ag_X_ab_L_H_swap_1vfb_ag_C_ab_A_B.pdb,0.0
1nsn_5usl,A,"B,C",../../GraPPI_data/PDB/AbEpiTope/1nsn_ag_S_ab_L_H_swap_5usl_ag_X_ab_L_H.pdb,0.0
1nsn_7dfa,A,"B,C",../../GraPPI_data/PDB/AbEpiTope/1nsn_ag_S_ab_L_H_swap_7dfa_ag_A_ab_L_H.pdb,0.0
5usl_1iqd,A,"B,C",../../GraPPI_data/PDB/AbEpiTope/5usl_ag_X_ab_L_H_swap_1iqd_ag_C_ab_A_B.pdb,0.0
5usl_2jel,A,"B,C",../../GraPPI_data/PDB/AbEpiTope/5usl_ag_X_ab_L_H_swap_2jel_ag_P_ab_L_H.pdb,0.0
1bj1_1jps,"A,B","C,D",../../GraPPI_data/PDB/AbEpiTope/1bj1_ag_V_W_ab_L_H_swap_1jps_ag_T_ab_L_H.pdb,0.0
1bj1_1nca,"A,B","C,D",../../GraPPI_data/PDB/AbEpiTope/1bj1_ag_V_W_ab_L_H_swap_1nca_ag_N_ab_L_H.pdb,0.0
4jlr_1e6j,A,"B,C",../../GraPPI_data/PDB/AbEpiTope/4jlr_ag_S_ab_L_H_swap_1e6j_ag_P_ab_L_H.pdb,0.0
2jel_1nsn,A,"B,C",../../GraPPI_data/PDB/AbEpiTope/2jel_ag_P_ab_L_H_swap_1nsn_ag_S_ab_L_H.pdb,0.0
7vyr_2jel,A,"B,C",../../GraPPI_data/PDB/AbEpiTope/7vyr_ag_C_ab_B_A_swap_2jel_ag_P_ab_L_H.pdb,0.0
5usl_1nca,A,"B,C",../../GraPPI_data/PDB/AbEpiTope/5usl_ag_X_ab_L_H_swap_1nca_ag_N_ab_L_H.pdb,0.0
1vfb_1nca,A,"B,C",../../GraPPI_data/PDB/AbEpiTope/1vfb_ag_C_ab_A_B_swap_1nca_ag_N_ab_L_H.pdb,0.0
1jps_1vfb,A,"B,C",../../GraPPI_data/PDB/AbEpiTope/1jps_ag_T_ab_L_H_swap_1vfb_ag_C_ab_A_B.pdb,0.0
1iqd_5otj,A,"B,C",../../GraPPI_data/PDB/AbEpiTope/1iqd_ag_C_ab_A_B_swap_5otj_ag_D_ab_A_B.pdb,0.0
1iqd_7dfa,A,"B,C",../../GraPPI_data/PDB/AbEpiTope/1iqd_ag_C_ab_A_B_swap_7dfa_ag_A_ab_L_H.pdb,0.0
7vyr_5otj,A,"B,C",../../GraPPI_data/PDB/AbEpiTope/7vyr_ag_C_ab_B_A_swap_5otj_ag_D_ab_A_B.pdb,0.0
7z4t_5otj,A,"B,C",../../GraPPI_data/PDB/AbEpiTope/7z4t_ag_I_ab_L_H_swap_5otj_ag_D_ab_A_B.pdb,0.0
1fsk_4jlr,A,"B,C",../../GraPPI_data/PDB/AbEpiTope/1fsk_ag_D_ab_E_F_swap_4jlr_ag_S_ab_L_H.pdb,0.0
5usl_5otj,A,"B,C",../../GraPPI_data/PDB/AbEpiTope/5usl_ag_X_ab_L_H_swap_5otj_ag_D_ab_A_B.pdb,0.0
1fsk_1nca,A,"B,C",../../GraPPI_data/PDB/AbEpiTope/1fsk_ag_D_ab_E_F_swap_1nca_ag_N_ab_L_H.pdb,0.0
4u0r_2vir,A,"B,C",../../GraPPI_data/PDB/AbEpiTope/4u0r_ag_A_ab_C_B_swap_2vir_ag_C_ab_A_B.pdb,0.0
1nca_5usl,A,"B,C",../../GraPPI_data/PDB/AbEpiTope/1nca_ag_N_ab_L_H_swap_5usl_ag_X_ab_L_H.pdb,0.0
1wej_4jlr,A,"B,C",../../GraPPI_data/PDB/AbEpiTope/1wej_ag_F_ab_L_H_swap_4jlr_ag_S_ab_L_H.pdb,0.0
1e6j_7dfa,A,"B,C",../../GraPPI_data/PDB/AbEpiTope/1e6j_ag_P_ab_L_H_swap_7dfa_ag_A_ab_L_H.pdb,0.0
1vfb_1wej,A,"B,C",../../GraPPI_data/PDB/AbEpiTope/1vfb_ag_C_ab_A_B_swap_1wej_ag_F_ab_L_H.pdb,0.0
1iqd_3qum,A,"B,C",../../GraPPI_data/PDB/AbEpiTope/1iqd_ag_C_ab_A_B_swap_3qum_ag_Q_ab_C_D.pdb,0.0
2jel_1iqd,A,"B,C",../../GraPPI_data/PDB/AbEpiTope/2jel_ag_P_ab_L_H_swap_1iqd_ag_C_ab_A_B.pdb,0.0
1fsk_1e6j,A,"B,C",../../GraPPI_data/PDB/AbEpiTope/1fsk_ag_D_ab_E_F_swap_1e6j_ag_P_ab_L_H.pdb,0.0
1wej_2jel,A,"B,C",../../GraPPI_data/PDB/AbEpiTope/1wej_ag_F_ab_L_H_swap_2jel_ag_P_ab_L_H.pdb,0.0
1nca_1nsn,A,"B,C",../../GraPPI_data/PDB/AbEpiTope/1nca_ag_N_ab_L_H_swap_1nsn_ag_S_ab_L_H.pdb,0.0
5otj_1nsn,A,"B,C",../../GraPPI_data/PDB/AbEpiTope/5otj_ag_D_ab_A_B_swap_1nsn_ag_S_ab_L_H.pdb,0.0
5usl_7dfa,A,"B,C",../../GraPPI_data/PDB/AbEpiTope/5usl_ag_X_ab_L_H_swap_7dfa_ag_A_ab_L_H.pdb,0.0
1fsk_1jps,A,"B,C",../../GraPPI_data/PDB/AbEpiTope/1fsk_ag_D_ab_E_F_swap_1jps_ag_T_ab_L_H.pdb,0.0
5usl_4jlr,A,"B,C",../../GraPPI_data/PDB/AbEpiTope/5usl_ag_X_ab_L_H_swap_4jlr_ag_S_ab_L_H.pdb,0.0
1e6j_1vfb,A,"B,C",../../GraPPI_data/PDB/AbEpiTope/1e6j_ag_P_ab_L_H_swap_1vfb_ag_C_ab_A_B.pdb,0.0
1jps_1wej,A,"B,C",../../GraPPI_data/PDB/AbEpiTope/1jps_ag_T_ab_L_H_swap_1wej_ag_F_ab_L_H.pdb,0.0
1wej_7dfa,A,"B,C",../../GraPPI_data/PDB/AbEpiTope/1wej_ag_F_ab_L_H_swap_7dfa_ag_A_ab_L_H.pdb,0.0
1iqd_1fsk,A,"B,C",../../GraPPI_data/PDB/AbEpiTope/1iqd_ag_C_ab_A_B_swap_1fsk_ag_D_ab_E_F.pdb,0.0
1iqd_1vfb,A,"B,C",../../GraPPI_data/PDB/AbEpiTope/1iqd_ag_C_ab_A_B_swap_1vfb_ag_C_ab_A_B.pdb,0.0
4u0r_1nsn,A,"B,C",../../GraPPI_data/PDB/AbEpiTope/4u0r_ag_A_ab_C_B_swap_1nsn_ag_S_ab_L_H.pdb,0.0
1nca_5otj,A,"B,C",../../GraPPI_data/PDB/AbEpiTope/1nca_ag_N_ab_L_H_swap_5otj_ag_D_ab_A_B.pdb,0.0
1jps_7dfa,A,"B,C",../../GraPPI_data/PDB/AbEpiTope/1jps_ag_T_ab_L_H_swap_7dfa_ag_A_ab_L_H.pdb,0.0
4u0r_2jel,A,"B,C",../../GraPPI_data/PDB/AbEpiTope/4u0r_ag_A_ab_C_B_swap_2jel_ag_P_ab_L_H.pdb,0.0
1jps_1e6j,A,"B,C",../../GraPPI_data/PDB/AbEpiTope/1jps_ag_T_ab_L_H_swap_1e6j_ag_P_ab_L_H.pdb,0.0
1nsn_4u0r,A,"B,C",../../GraPPI_data/PDB/AbEpiTope/1nsn_ag_S_ab_L_H_swap_4u0r_ag_A_ab_C_B.pdb,0.0
1nsn_4jlr,A,"B,C",../../GraPPI_data/PDB/AbEpiTope/1nsn_ag_S_ab_L_H_swap_4jlr_ag_S_ab_L_H.pdb,0.0
1fsk_4u0r,A,"B,C",../../GraPPI_data/PDB/AbEpiTope/1fsk_ag_D_ab_E_F_swap_4u0r_ag_A_ab_C_B.pdb,0.0
5otj_2vir,A,"B,C",../../GraPPI_data/PDB/AbEpiTope/5otj_ag_D_ab_A_B_swap_2vir_ag_C_ab_A_B.pdb,0.0
7z4t_3qum,A,"B,C",../../GraPPI_data/PDB/AbEpiTope/7z4t_ag_I_ab_L_H_swap_3qum_ag_Q_ab_C_D.pdb,0.0
5otj_4jlr,A,"B,C",../../GraPPI_data/PDB/AbEpiTope/5otj_ag_D_ab_A_B_swap_4jlr_ag_S_ab_L_H.pdb,0.0
1vfb_1jps,A,"B,C",../../GraPPI_data/PDB/AbEpiTope/1vfb_ag_C_ab_A_B_swap_1jps_ag_T_ab_L_H.pdb,0.0
1iqd_1nsn,A,"B,C",../../GraPPI_data/PDB/AbEpiTope/1iqd_ag_C_ab_A_B_swap_1nsn_ag_S_ab_L_H.pdb,0.0
4jlr_1wej,A,"B,C",../../GraPPI_data/PDB/AbEpiTope/4jlr_ag_S_ab_L_H_swap_1wej_ag_F_ab_L_H.pdb,0.0
1iqd_4jlr,A,"B,C",../../GraPPI_data/PDB/AbEpiTope/1iqd_ag_C_ab_A_B_swap_4jlr_ag_S_ab_L_H.pdb,0.0
5otj_1iqd,A,"B,C",../../GraPPI_data/PDB/AbEpiTope/5otj_ag_D_ab_A_B_swap_1iqd_ag_C_ab_A_B.pdb,0.0
1fsk_5otj,A,"B,C",../../GraPPI_data/PDB/AbEpiTope/1fsk_ag_D_ab_E_F_swap_5otj_ag_D_ab_A_B.pdb,0.0
2vir_1e6j,A,"B,C",../../GraPPI_data/PDB/AbEpiTope/2vir_ag_C_ab_A_B_swap_1e6j_ag_P_ab_L_H.pdb,0.0
4jlr_1vfb,A,"B,C",../../GraPPI_data/PDB/AbEpiTope/4jlr_ag_S_ab_L_H_swap_1vfb_ag_C_ab_A_B.pdb,0.0
1vfb_2vir,A,"B,C",../../GraPPI_data/PDB/AbEpiTope/1vfb_ag_C_ab_A_B_swap_2vir_ag_C_ab_A_B.pdb,0.0
5usl_1nsn,A,"B,C",../../GraPPI_data/PDB/AbEpiTope/5usl_ag_X_ab_L_H_swap_1nsn_ag_S_ab_L_H.pdb,0.0
1wej_1e6j,A,"B,C",../../GraPPI_data/PDB/AbEpiTope/1wej_ag_F_ab_L_H_swap_1e6j_ag_P_ab_L_H.pdb,0.0
1nsn_1vfb,A,"B,C",../../GraPPI_data/PDB/AbEpiTope/1nsn_ag_S_ab_L_H_swap_1vfb_ag_C_ab_A_B.pdb,0.0
1fsk_5usl,A,"B,C",../../GraPPI_data/PDB/AbEpiTope/1fsk_ag_D_ab_E_F_swap_5usl_ag_X_ab_L_H.pdb,0.0
1vfb_5otj,A,"B,C",../../GraPPI_data/PDB/AbEpiTope/1vfb_ag_C_ab_A_B_swap_5otj_ag_D_ab_A_B.pdb,0.0
7vyr_1wej,A,"B,C",../../GraPPI_data/PDB/AbEpiTope/7vyr_ag_C_ab_B_A_swap_1wej_ag_F_ab_L_H.pdb,0.0
1bj1_1iqd,"A,B","C,D",../../GraPPI_data/PDB/AbEpiTope/1bj1_ag_V_W_ab_L_H_swap_1iqd_ag_C_ab_A_B.pdb,0.0
1bj1_1fsk,"A,B","C,D",../../GraPPI_data/PDB/AbEpiTope/1bj1_ag_V_W_ab_L_H_swap_1fsk_ag_D_ab_E_F.pdb,0.0
4u0r_1iqd,A,"B,C",../../GraPPI_data/PDB/AbEpiTope/4u0r_ag_A_ab_C_B_swap_1iqd_ag_C_ab_A_B.pdb,0.0
1vfb_4u0r,A,"B,C",../../GraPPI_data/PDB/AbEpiTope/1vfb_ag_C_ab_A_B_swap_4u0r_ag_A_ab_C_B.pdb,0.0
7vyr_1iqd,A,"B,C",../../GraPPI_data/PDB/AbEpiTope/7vyr_ag_C_ab_B_A_swap_1iqd_ag_C_ab_A_B.pdb,0.0
7z4t_2vir,A,"B,C",../../GraPPI_data/PDB/AbEpiTope/7z4t_ag_I_ab_L_H_swap_2vir_ag_C_ab_A_B.pdb,0.0
7vyr_2vir,A,"B,C",../../GraPPI_data/PDB/AbEpiTope/7vyr_ag_C_ab_B_A_swap_2vir_ag_C_ab_A_B.pdb,0.0
1vfb_4jlr,A,"B,C",../../GraPPI_data/PDB/AbEpiTope/1vfb_ag_C_ab_A_B_swap_4jlr_ag_S_ab_L_H.pdb,0.0
4jlr_2vir,A,"B,C",../../GraPPI_data/PDB/AbEpiTope/4jlr_ag_S_ab_L_H_swap_2vir_ag_C_ab_A_B.pdb,0.0
4u0r_1vfb,A,"B,C",../../GraPPI_data/PDB/AbEpiTope/4u0r_ag_A_ab_C_B_swap_1vfb_ag_C_ab_A_B.pdb,0.0
1iqd_5usl,A,"B,C",../../GraPPI_data/PDB/AbEpiTope/1iqd_ag_C_ab_A_B_swap_5usl_ag_X_ab_L_H.pdb,0.0
2vir_7dfa,A,"B,C",../../GraPPI_data/PDB/AbEpiTope/2vir_ag_C_ab_A_B_swap_7dfa_ag_A_ab_L_H.pdb,0.0
1nsn_2vir,A,"B,C",../../GraPPI_data/PDB/AbEpiTope/1nsn_ag_S_ab_L_H_swap_2vir_ag_C_ab_A_B.pdb,0.0
2vir_1bj1,A,"B,C",../../GraPPI_data/PDB/AbEpiTope/2vir_ag_C_ab_A_B_swap_1bj1_ag_V_W_ab_L_H.pdb,0.0
1wej_1nca,A,"B,C",../../GraPPI_data/PDB/AbEpiTope/1wej_ag_F_ab_L_H_swap_1nca_ag_N_ab_L_H.pdb,0.0
2jel_1nca,A,"B,C",../../GraPPI_data/PDB/AbEpiTope/2jel_ag_P_ab_L_H_swap_1nca_ag_N_ab_L_H.pdb,0.0
1nca_1fsk,A,"B,C",../../GraPPI_data/PDB/AbEpiTope/1nca_ag_N_ab_L_H_swap_1fsk_ag_D_ab_E_F.pdb,0.0
1vfb_5usl,A,"B,C",../../GraPPI_data/PDB/AbEpiTope/1vfb_ag_C_ab_A_B_swap_5usl_ag_X_ab_L_H.pdb,0.0
1nca_1vfb,A,"B,C",../../GraPPI_data/PDB/AbEpiTope/1nca_ag_N_ab_L_H_swap_1vfb_ag_C_ab_A_B.pdb,0.0
1jps_2jel,A,"B,C",../../GraPPI_data/PDB/AbEpiTope/1jps_ag_T_ab_L_H_swap_2jel_ag_P_ab_L_H.pdb,0.0
1bj1_4u0r,"A,B","C,D",../../GraPPI_data/PDB/AbEpiTope/1bj1_ag_V_W_ab_L_H_swap_4u0r_ag_A_ab_C_B.pdb,0.0
1nca_2vir,A,"B,C",../../GraPPI_data/PDB/AbEpiTope/1nca_ag_N_ab_L_H_swap_2vir_ag_C_ab_A_B.pdb,0.0
7vyr_4u0r,A,"B,C",../../GraPPI_data/PDB/AbEpiTope/7vyr_ag_C_ab_B_A_swap_4u0r_ag_A_ab_C_B.pdb,0.0
2jel_3qum,A,"B,C",../../GraPPI_data/PDB/AbEpiTope/2jel_ag_P_ab_L_H_swap_3qum_ag_Q_ab_C_D.pdb,0.0
1nca_1iqd,A,"B,C",../../GraPPI_data/PDB/AbEpiTope/1nca_ag_N_ab_L_H_swap_1iqd_ag_C_ab_A_B.pdb,0.0
4u0r_5usl,A,"B,C",../../GraPPI_data/PDB/AbEpiTope/4u0r_ag_A_ab_C_B_swap_5usl_ag_X_ab_L_H.pdb,0.0
1nsn_1nca,A,"B,C",../../GraPPI_data/PDB/AbEpiTope/1nsn_ag_S_ab_L_H_swap_1nca_ag_N_ab_L_H.pdb,0.0
1wej_1iqd,A,"B,C",../../GraPPI_data/PDB/AbEpiTope/1wej_ag_F_ab_L_H_swap_1iqd_ag_C_ab_A_B.pdb,0.0
1jps_1iqd,A,"B,C",../../GraPPI_data/PDB/AbEpiTope/1jps_ag_T_ab_L_H_swap_1iqd_ag_C_ab_A_B.pdb,0.0
1jps_1nca,A,"B,C",../../GraPPI_data/PDB/AbEpiTope/1jps_ag_T_ab_L_H_swap_1nca_ag_N_ab_L_H.pdb,0.0
1bj1_1nsn,"A,B","C,D",../../GraPPI_data/PDB/AbEpiTope/1bj1_ag_V_W_ab_L_H_swap_1nsn_ag_S_ab_L_H.pdb,0.0
1nsn_2jel,A,"B,C",../../GraPPI_data/PDB/AbEpiTope/1nsn_ag_S_ab_L_H_swap_2jel_ag_P_ab_L_H.pdb,0.0
1bj1_1e6j,"A,B","C,D",../../GraPPI_data/PDB/AbEpiTope/1bj1_ag_V_W_ab_L_H_swap_1e6j_ag_P_ab_L_H.pdb,0.0
4jlr_1iqd,A,"B,C",../../GraPPI_data/PDB/AbEpiTope/4jlr_ag_S_ab_L_H_swap_1iqd_ag_C_ab_A_B.pdb,0.0
7z4t_1nca,A,"B,C",../../GraPPI_data/PDB/AbEpiTope/7z4t_ag_I_ab_L_H_swap_1nca_ag_N_ab_L_H.pdb,0.0
1e6j_3qum,A,"B,C",../../GraPPI_data/PDB/AbEpiTope/1e6j_ag_P_ab_L_H_swap_3qum_ag_Q_ab_C_D.pdb,0.0
7vyr_4jlr,A,"B,C",../../GraPPI_data/PDB/AbEpiTope/7vyr_ag_C_ab_B_A_swap_4jlr_ag_S_ab_L_H.pdb,0.0
2jel_1jps,A,"B,C",../../GraPPI_data/PDB/AbEpiTope/2jel_ag_P_ab_L_H_swap_1jps_ag_T_ab_L_H.pdb,0.0
1fsk_2vir,A,"B,C",../../GraPPI_data/PDB/AbEpiTope/1fsk_ag_D_ab_E_F_swap_2vir_ag_C_ab_A_B.pdb,0.0
1wej_1fsk,A,"B,C",../../GraPPI_data/PDB/AbEpiTope/1wej_ag_F_ab_L_H_swap_1fsk_ag_D_ab_E_F.pdb,0.0
1vfb_1fsk,A,"B,C",../../GraPPI_data/PDB/AbEpiTope/1vfb_ag_C_ab_A_B_swap_1fsk_ag_D_ab_E_F.pdb,0.0
7z4t_1vfb,A,"B,C",../../GraPPI_data/PDB/AbEpiTope/7z4t_ag_I_ab_L_H_swap_1vfb_ag_C_ab_A_B.pdb,0.0
1iqd_2vir,A,"B,C",../../GraPPI_data/PDB/AbEpiTope/1iqd_ag_C_ab_A_B_swap_2vir_ag_C_ab_A_B.pdb,0.0
1e6j_5otj,A,"B,C",../../GraPPI_data/PDB/AbEpiTope/1e6j_ag_P_ab_L_H_swap_5otj_ag_D_ab_A_B.pdb,0.0
2vir_1vfb,A,"B,C",../../GraPPI_data/PDB/AbEpiTope/2vir_ag_C_ab_A_B_swap_1vfb_ag_C_ab_A_B.pdb,0.0
4jlr_1jps,A,"B,C",../../GraPPI_data/PDB/AbEpiTope/4jlr_ag_S_ab_L_H_swap_1jps_ag_T_ab_L_H.pdb,0.0
5otj_1jps,A,"B,C",../../GraPPI_data/PDB/AbEpiTope/5otj_ag_D_ab_A_B_swap_1jps_ag_T_ab_L_H.pdb,0.0
2jel_4jlr,A,"B,C",../../GraPPI_data/PDB/AbEpiTope/2jel_ag_P_ab_L_H_swap_4jlr_ag_S_ab_L_H.pdb,0.0
5usl_4u0r,A,"B,C",../../GraPPI_data/PDB/AbEpiTope/5usl_ag_X_ab_L_H_swap_4u0r_ag_A_ab_C_B.pdb,0.0
1e6j_1nca,A,"B,C",../../GraPPI_data/PDB/AbEpiTope/1e6j_ag_P_ab_L_H_swap_1nca_ag_N_ab_L_H.pdb,0.0
1bj1_5usl,"A,B","C,D",../../GraPPI_data/PDB/AbEpiTope/1bj1_ag_V_W_ab_L_H_swap_5usl_ag_X_ab_L_H.pdb,0.0
1fsk_1iqd,A,"B,C",../../GraPPI_data/PDB/AbEpiTope/1fsk_ag_D_ab_E_F_swap_1iqd_ag_C_ab_A_B.pdb,0.0
1e6j_1nsn,A,"B,C",../../GraPPI_data/PDB/AbEpiTope/1e6j_ag_P_ab_L_H_swap_1nsn_ag_S_ab_L_H.pdb,0.0
4u0r_1wej,A,"B,C",../../GraPPI_data/PDB/AbEpiTope/4u0r_ag_A_ab_C_B_swap_1wej_ag_F_ab_L_H.pdb,0.0
5usl_1e6j,A,"B,C",../../GraPPI_data/PDB/AbEpiTope/5usl_ag_X_ab_L_H_swap_1e6j_ag_P_ab_L_H.pdb,0.0
1nca_7dfa,A,"B,C",../../GraPPI_data/PDB/AbEpiTope/1nca_ag_N_ab_L_H_swap_7dfa_ag_A_ab_L_H.pdb,0.0
4jlr_5otj,A,"B,C",../../GraPPI_data/PDB/AbEpiTope/4jlr_ag_S_ab_L_H_swap_5otj_ag_D_ab_A_B.pdb,0.0
7z4t_1e6j,A,"B,C",../../GraPPI_data/PDB/AbEpiTope/7z4t_ag_I_ab_L_H_swap_1e6j_ag_P_ab_L_H.pdb,0.0
2vir_1iqd,A,"B,C",../../GraPPI_data/PDB/AbEpiTope/2vir_ag_C_ab_A_B_swap_1iqd_ag_C_ab_A_B.pdb,0.0
1nca_4jlr,A,"B,C",../../GraPPI_data/PDB/AbEpiTope/1nca_ag_N_ab_L_H_swap_4jlr_ag_S_ab_L_H.pdb,0.0
1vfb_1e6j,A,"B,C",../../GraPPI_data/PDB/AbEpiTope/1vfb_ag_C_ab_A_B_swap_1e6j_ag_P_ab_L_H.pdb,0.0
2jel_1wej,A,"B,C",../../GraPPI_data/PDB/AbEpiTope/2jel_ag_P_ab_L_H_swap_1wej_ag_F_ab_L_H.pdb,0.0
1iqd_1e6j,A,"B,C",../../GraPPI_data/PDB/AbEpiTope/1iqd_ag_C_ab_A_B_swap_1e6j_ag_P_ab_L_H.pdb,0.0
2jel_1e6j,A,"B,C",../../GraPPI_data/PDB/AbEpiTope/2jel_ag_P_ab_L_H_swap_1e6j_ag_P_ab_L_H.pdb,0.0
1e6j_2jel,A,"B,C",../../GraPPI_data/PDB/AbEpiTope/1e6j_ag_P_ab_L_H_swap_2jel_ag_P_ab_L_H.pdb,0.0
5usl_1jps,A,"B,C",../../GraPPI_data/PDB/AbEpiTope/5usl_ag_X_ab_L_H_swap_1jps_ag_T_ab_L_H.pdb,0.0
1fsk_3qum,A,"B,C",../../GraPPI_data/PDB/AbEpiTope/1fsk_ag_D_ab_E_F_swap_3qum_ag_Q_ab_C_D.pdb,0.0
4jlr_1bj1,A,"B,C",../../GraPPI_data/PDB/AbEpiTope/4jlr_ag_S_ab_L_H_swap_1bj1_ag_V_W_ab_L_H.pdb,0.0
4u0r_1jps,A,"B,C",../../GraPPI_data/PDB/AbEpiTope/4u0r_ag_A_ab_C_B_swap_1jps_ag_T_ab_L_H.pdb,0.0
2vir_1jps,A,"B,C",../../GraPPI_data/PDB/AbEpiTope/2vir_ag_C_ab_A_B_swap_1jps_ag_T_ab_L_H.pdb,0.0
1nca_3qum,A,"B,C",../../GraPPI_data/PDB/AbEpiTope/1nca_ag_N_ab_L_H_swap_3qum_ag_Q_ab_C_D.pdb,0.0
7z4t_1nsn,A,"B,C",../../GraPPI_data/PDB/AbEpiTope/7z4t_ag_I_ab_L_H_swap_1nsn_ag_S_ab_L_H.pdb,0.0
7z4t_1fsk,A,"B,C",../../GraPPI_data/PDB/AbEpiTope/7z4t_ag_I_ab_L_H_swap_1fsk_ag_D_ab_E_F.pdb,0.0
1fsk_1nsn,A,"B,C",../../GraPPI_data/PDB/AbEpiTope/1fsk_ag_D_ab_E_F_swap_1nsn_ag_S_ab_L_H.pdb,0.0
4jlr_1nsn,A,"B,C",../../GraPPI_data/PDB/AbEpiTope/4jlr_ag_S_ab_L_H_swap_1nsn_ag_S_ab_L_H.pdb,0.0
5usl_1fsk,A,"B,C",../../GraPPI_data/PDB/AbEpiTope/5usl_ag_X_ab_L_H_swap_1fsk_ag_D_ab_E_F.pdb,0.0
7vyr_1nca,A,"B,C",../../GraPPI_data/PDB/AbEpiTope/7vyr_ag_C_ab_B_A_swap_1nca_ag_N_ab_L_H.pdb,0.0
2jel_5usl,A,"B,C",../../GraPPI_data/PDB/AbEpiTope/2jel_ag_P_ab_L_H_swap_5usl_ag_X_ab_L_H.pdb,0.0
1e6j_4jlr,A,"B,C",../../GraPPI_data/PDB/AbEpiTope/1e6j_ag_P_ab_L_H_swap_4jlr_ag_S_ab_L_H.pdb,0.0
2vir_1wej,A,"B,C",../../GraPPI_data/PDB/AbEpiTope/2vir_ag_C_ab_A_B_swap_1wej_ag_F_ab_L_H.pdb,0.0
1vfb_2jel,A,"B,C",../../GraPPI_data/PDB/AbEpiTope/1vfb_ag_C_ab_A_B_swap_2jel_ag_P_ab_L_H.pdb,0.0
5usl_2vir,A,"B,C",../../GraPPI_data/PDB/AbEpiTope/5usl_ag_X_ab_L_H_swap_2vir_ag_C_ab_A_B.pdb,0.0
1nca_4u0r,A,"B,C",../../GraPPI_data/PDB/AbEpiTope/1nca_ag_N_ab_L_H_swap_4u0r_ag_A_ab_C_B.pdb,0.0
1bj1_4jlr,"A,B","C,D",../../GraPPI_data/PDB/AbEpiTope/1bj1_ag_V_W_ab_L_H_swap_4jlr_ag_S_ab_L_H.pdb,0.0
2jel_1fsk,A,"B,C",../../GraPPI_data/PDB/AbEpiTope/2jel_ag_P_ab_L_H_swap_1fsk_ag_D_ab_E_F.pdb,0.0
5otj_1e6j,A,"B,C",../../GraPPI_data/PDB/AbEpiTope/5otj_ag_D_ab_A_B_swap_1e6j_ag_P_ab_L_H.pdb,0.0
1vfb_1bj1,A,"B,C",../../GraPPI_data/PDB/AbEpiTope/1vfb_ag_C_ab_A_B_swap_1bj1_ag_V_W_ab_L_H.pdb,0.0
1wej_5otj,A,"B,C",../../GraPPI_data/PDB/AbEpiTope/1wej_ag_F_ab_L_H_swap_5otj_ag_D_ab_A_B.pdb,0.0
1wej_1bj1,A,"B,C",../../GraPPI_data/PDB/AbEpiTope/1wej_ag_F_ab_L_H_swap_1bj1_ag_V_W_ab_L_H.pdb,0.0
1nsn_5otj,A,"B,C",../../GraPPI_data/PDB/AbEpiTope/1nsn_ag_S_ab_L_H_swap_5otj_ag_D_ab_A_B.pdb,0.0
4jlr_1fsk,A,"B,C",../../GraPPI_data/PDB/AbEpiTope/4jlr_ag_S_ab_L_H_swap_1fsk_ag_D_ab_E_F.pdb,0.0
1bj1_3qum,"A,B","C,D",../../GraPPI_data/PDB/AbEpiTope/1bj1_ag_V_W_ab_L_H_swap_3qum_ag_Q_ab_C_D.pdb,0.0
2vir_4jlr,A,"B,C",../../GraPPI_data/PDB/AbEpiTope/2vir_ag_C_ab_A_B_swap_4jlr_ag_S_ab_L_H.pdb,0.0
1fsk_1vfb,A,"B,C",../../GraPPI_data/PDB/AbEpiTope/1fsk_ag_D_ab_E_F_swap_1vfb_ag_C_ab_A_B.pdb,0.0
1e6j_4u0r,A,"B,C",../../GraPPI_data/PDB/AbEpiTope/1e6j_ag_P_ab_L_H_swap_4u0r_ag_A_ab_C_B.pdb,0.0
1bj1_5otj,"A,B","C,D",../../GraPPI_data/PDB/AbEpiTope/1bj1_ag_V_W_ab_L_H_swap_5otj_ag_D_ab_A_B.pdb,0.0
1vfb_1iqd,A,"B,C",../../GraPPI_data/PDB/AbEpiTope/1vfb_ag_C_ab_A_B_swap_1iqd_ag_C_ab_A_B.pdb,0.0
7vyr_1bj1,A,"B,C",../../GraPPI_data/PDB/AbEpiTope/7vyr_ag_C_ab_B_A_swap_1bj1_ag_V_W_ab_L_H.pdb,0.0
4u0r_1bj1,A,"B,C",../../GraPPI_data/PDB/AbEpiTope/4u0r_ag_A_ab_C_B_swap_1bj1_ag_V_W_ab_L_H.pdb,0.0
7vyr_1vfb,A,"B,C",../../GraPPI_data/PDB/AbEpiTope/7vyr_ag_C_ab_B_A_swap_1vfb_ag_C_ab_A_B.pdb,0.0
7z4t_4jlr,A,"B,C",../../GraPPI_data/PDB/AbEpiTope/7z4t_ag_I_ab_L_H_swap_4jlr_ag_S_ab_L_H.pdb,0.0
1e6j_1jps,A,"B,C",../../GraPPI_data/PDB/AbEpiTope/1e6j_ag_P_ab_L_H_swap_1jps_ag_T_ab_L_H.pdb,0.0
5otj_1nca,A,"B,C",../../GraPPI_data/PDB/AbEpiTope/5otj_ag_D_ab_A_B_swap_1nca_ag_N_ab_L_H.pdb,0.0
7z4t_1wej,A,"B,C",../../GraPPI_data/PDB/AbEpiTope/7z4t_ag_I_ab_L_H_swap_1wej_ag_F_ab_L_H.pdb,0.0
1fsk_1bj1,A,"B,C",../../GraPPI_data/PDB/AbEpiTope/1fsk_ag_D_ab_E_F_swap_1bj1_ag_V_W_ab_L_H.pdb,0.0
1wej_2vir,A,"B,C",../../GraPPI_data/PDB/AbEpiTope/1wej_ag_F_ab_L_H_swap_2vir_ag_C_ab_A_B.pdb,0.0
2vir_2jel,A,"B,C",../../GraPPI_data/PDB/AbEpiTope/2vir_ag_C_ab_A_B_swap_2jel_ag_P_ab_L_H.pdb,0.0
7vyr_1nsn,A,"B,C",../../GraPPI_data/PDB/AbEpiTope/7vyr_ag_C_ab_B_A_swap_1nsn_ag_S_ab_L_H.pdb,0.0
1iqd_1bj1,A,"B,C",../../GraPPI_data/PDB/AbEpiTope/1iqd_ag_C_ab_A_B_swap_1bj1_ag_V_W_ab_L_H.pdb,0.0
1wej_1jps,A,"B,C",../../GraPPI_data/PDB/AbEpiTope/1wej_ag_F_ab_L_H_swap_1jps_ag_T_ab_L_H.pdb,0.0
5otj_1vfb,A,"B,C",../../GraPPI_data/PDB/AbEpiTope/5otj_ag_D_ab_A_B_swap_1vfb_ag_C_ab_A_B.pdb,0.0
2jel_2vir,A,"B,C",../../GraPPI_data/PDB/AbEpiTope/2jel_ag_P_ab_L_H_swap_2vir_ag_C_ab_A_B.pdb,0.0
1nca_2jel,A,"B,C",../../GraPPI_data/PDB/AbEpiTope/1nca_ag_N_ab_L_H_swap_2jel_ag_P_ab_L_H.pdb,0.0
1nsn_1jps,A,"B,C",../../GraPPI_data/PDB/AbEpiTope/1nsn_ag_S_ab_L_H_swap_1jps_ag_T_ab_L_H.pdb,0.0
2vir_5usl,A,"B,C",../../GraPPI_data/PDB/AbEpiTope/2vir_ag_C_ab_A_B_swap_5usl_ag_X_ab_L_H.pdb,0.0
1nca_1bj1,A,"B,C",../../GraPPI_data/PDB/AbEpiTope/1nca_ag_N_ab_L_H_swap_1bj1_ag_V_W_ab_L_H.pdb,0.0
4u0r_7dfa,A,"B,C",../../GraPPI_data/PDB/AbEpiTope/4u0r_ag_A_ab_C_B_swap_7dfa_ag_A_ab_L_H.pdb,0.0
5otj_1fsk,A,"B,C",../../GraPPI_data/PDB/AbEpiTope/5otj_ag_D_ab_A_B_swap_1fsk_ag_D_ab_E_F.pdb,0.0
7vyr_1jps,A,"B,C",../../GraPPI_data/PDB/AbEpiTope/7vyr_ag_C_ab_B_A_swap_1jps_ag_T_ab_L_H.pdb,0.0
1nca_1jps,A,"B,C",../../GraPPI_data/PDB/AbEpiTope/1nca_ag_N_ab_L_H_swap_1jps_ag_T_ab_L_H.pdb,0.0
1wej_5usl,A,"B,C",../../GraPPI_data/PDB/AbEpiTope/1wej_ag_F_ab_L_H_swap_5usl_ag_X_ab_L_H.pdb,0.0
2jel_7dfa,A,"B,C",../../GraPPI_data/PDB/AbEpiTope/2jel_ag_P_ab_L_H_swap_7dfa_ag_A_ab_L_H.pdb,0.0
4u0r_4jlr,A,"B,C",../../GraPPI_data/PDB/AbEpiTope/4u0r_ag_A_ab_C_B_swap_4jlr_ag_S_ab_L_H.pdb,0.0
1e6j_5usl,A,"B,C",../../GraPPI_data/PDB/AbEpiTope/1e6j_ag_P_ab_L_H_swap_5usl_ag_X_ab_L_H.pdb,0.0
2vir_1fsk,A,"B,C",../../GraPPI_data/PDB/AbEpiTope/2vir_ag_C_ab_A_B_swap_1fsk_ag_D_ab_E_F.pdb,0.0
1jps_2vir,A,"B,C",../../GraPPI_data/PDB/AbEpiTope/1jps_ag_T_ab_L_H_swap_2vir_ag_C_ab_A_B.pdb,0.0
1fsk_7dfa,A,"B,C",../../GraPPI_data/PDB/AbEpiTope/1fsk_ag_D_ab_E_F_swap_7dfa_ag_A_ab_L_H.pdb,0.0
5otj_2jel,A,"B,C",../../GraPPI_data/PDB/AbEpiTope/5otj_ag_D_ab_A_B_swap_2jel_ag_P_ab_L_H.pdb,0.0
4u0r_3qum,A,"B,C",../../GraPPI_data/PDB/AbEpiTope/4u0r_ag_A_ab_C_B_swap_3qum_ag_Q_ab_C_D.pdb,0.0
1wej_4u0r,A,"B,C",../../GraPPI_data/PDB/AbEpiTope/1wej_ag_F_ab_L_H_swap_4u0r_ag_A_ab_C_B.pdb,0.0
4u0r_5otj,A,"B,C",../../GraPPI_data/PDB/AbEpiTope/4u0r_ag_A_ab_C_B_swap_5otj_ag_D_ab_A_B.pdb,0.0
7z4t_1jps,A,"B,C",../../GraPPI_data/PDB/AbEpiTope/7z4t_ag_I_ab_L_H_swap_1jps_ag_T_ab_L_H.pdb,0.0
1e6j_2vir,A,"B,C",../../GraPPI_data/PDB/AbEpiTope/1e6j_ag_P_ab_L_H_swap_2vir_ag_C_ab_A_B.pdb,0.0
1bj1_1vfb,"A,B","C,D",../../GraPPI_data/PDB/AbEpiTope/1bj1_ag_V_W_ab_L_H_swap_1vfb_ag_C_ab_A_B.pdb,0.0
1vfb_3qum,A,"B,C",../../GraPPI_data/PDB/AbEpiTope/1vfb_ag_C_ab_A_B_swap_3qum_ag_Q_ab_C_D.pdb,0.0
1fsk_2jel,A,"B,C",../../GraPPI_data/PDB/AbEpiTope/1fsk_ag_D_ab_E_F_swap_2jel_ag_P_ab_L_H.pdb,0.0
1iqd_2jel,A,"B,C",../../GraPPI_data/PDB/AbEpiTope/1iqd_ag_C_ab_A_B_swap_2jel_ag_P_ab_L_H.pdb,0.0
1fsk_1wej,A,"B,C",../../GraPPI_data/PDB/AbEpiTope/1fsk_ag_D_ab_E_F_swap_1wej_ag_F_ab_L_H.pdb,0.0
1vfb_1nsn,A,"B,C",../../GraPPI_data/PDB/AbEpiTope/1vfb_ag_C_ab_A_B_swap_1nsn_ag_S_ab_L_H.pdb,0.0
1bj1_7dfa,"A,B","C,D",../../GraPPI_data/PDB/AbEpiTope/1bj1_ag_V_W_ab_L_H_swap_7dfa_ag_A_ab_L_H.pdb,0.0
5otj_1bj1,A,"B,C",../../GraPPI_data/PDB/AbEpiTope/5otj_ag_D_ab_A_B_swap_1bj1_ag_V_W_ab_L_H.pdb,0.0
5usl_1bj1,A,"B,C",../../GraPPI_data/PDB/AbEpiTope/5usl_ag_X_ab_L_H_swap_1bj1_ag_V_W_ab_L_H.pdb,0.0
2jel_1vfb,A,"B,C",../../GraPPI_data/PDB/AbEpiTope/2jel_ag_P_ab_L_H_swap_1vfb_ag_C_ab_A_B.pdb,0.0
1jps_4jlr,A,"B,C",../../GraPPI_data/PDB/AbEpiTope/1jps_ag_T_ab_L_H_swap_4jlr_ag_S_ab_L_H.pdb,0.0
1bj1_2jel,"A,B","C,D",../../GraPPI_data/PDB/AbEpiTope/1bj1_ag_V_W_ab_L_H_swap_2jel_ag_P_ab_L_H.pdb,0.0
7z4t_1bj1,A,"B,C",../../GraPPI_data/PDB/AbEpiTope/7z4t_ag_I_ab_L_H_swap_1bj1_ag_V_W_ab_L_H.pdb,0.0
7vyr_1fsk,A,"B,C",../../GraPPI_data/PDB/AbEpiTope/7vyr_ag_C_ab_B_A_swap_1fsk_ag_D_ab_E_F.pdb,0.0
4jlr_1nca,A,"B,C",../../GraPPI_data/PDB/AbEpiTope/4jlr_ag_S_ab_L_H_swap_1nca_ag_N_ab_L_H.pdb,0.0
7z4t_2jel,A,"B,C",../../GraPPI_data/PDB/AbEpiTope/7z4t_ag_I_ab_L_H_swap_2jel_ag_P_ab_L_H.pdb,0.0
2jel_1bj1,A,"B,C",../../GraPPI_data/PDB/AbEpiTope/2jel_ag_P_ab_L_H_swap_1bj1_ag_V_W_ab_L_H.pdb,0.0
7vyr_5usl,A,"B,C",../../GraPPI_data/PDB/AbEpiTope/7vyr_ag_C_ab_B_A_swap_5usl_ag_X_ab_L_H.pdb,0.0
1e6j_1bj1,A,"B,C",../../GraPPI_data/PDB/AbEpiTope/1e6j_ag_P_ab_L_H_swap_1bj1_ag_V_W_ab_L_H.pdb,0.0
1jps_3qum,A,"B,C",../../GraPPI_data/PDB/AbEpiTope/1jps_ag_T_ab_L_H_swap_3qum_ag_Q_ab_C_D.pdb,0.0
7vyr_1e6j,A,"B,C",../../GraPPI_data/PDB/AbEpiTope/7vyr_ag_C_ab_B_A_swap_1e6j_ag_P_ab_L_H.pdb,0.0
1jps_1bj1,A,"B,C",../../GraPPI_data/PDB/AbEpiTope/1jps_ag_T_ab_L_H_swap_1bj1_ag_V_W_ab_L_H.pdb,0.0
5otj_5usl,A,"B,C",../../GraPPI_data/PDB/AbEpiTope/5otj_ag_D_ab_A_B_swap_5usl_ag_X_ab_L_H.pdb,0.0
7z4t_4u0r,A,"B,C",../../GraPPI_data/PDB/AbEpiTope/7z4t_ag_I_ab_L_H_swap_4u0r_ag_A_ab_C_B.pdb,0.0
1e6j_1wej,A,"B,C",../../GraPPI_data/PDB/AbEpiTope/1e6j_ag_P_ab_L_H_swap_1wej_ag_F_ab_L_H.pdb,0.0
1nsn_1bj1,A,"B,C",../../GraPPI_data/PDB/AbEpiTope/1nsn_ag_S_ab_L_H_swap_1bj1_ag_V_W_ab_L_H.pdb,0.0
1nsn_1fsk,A,"B,C",../../GraPPI_data/PDB/AbEpiTope/1nsn_ag_S_ab_L_H_swap_1fsk_ag_D_ab_E_F.pdb,0.0
1nca_1e6j,A,"B,C",../../GraPPI_data/PDB/AbEpiTope/1nca_ag_N_ab_L_H_swap_1e6j_ag_P_ab_L_H.pdb,0.0
1iqd_1jps,A,"B,C",../../GraPPI_data/PDB/AbEpiTope/1iqd_ag_C_ab_A_B_swap_1jps_ag_T_ab_L_H.pdb,0.0
1jps_1fsk,A,"B,C",../../GraPPI_data/PDB/AbEpiTope/1jps_ag_T_ab_L_H_swap_1fsk_ag_D_ab_E_F.pdb,0.0
1wej_3qum,A,"B,C",../../GraPPI_data/PDB/AbEpiTope/1wej_ag_F_ab_L_H_swap_3qum_ag_Q_ab_C_D.pdb,0.0
5otj_4u0r,A,"B,C",../../GraPPI_data/PDB/AbEpiTope/5otj_ag_D_ab_A_B_swap_4u0r_ag_A_ab_C_B.pdb,0.0
1iqd_1nca,A,"B,C",../../GraPPI_data/PDB/AbEpiTope/1iqd_ag_C_ab_A_B_swap_1nca_ag_N_ab_L_H.pdb,0.0
4jlr_2jel,A,"B,C",../../GraPPI_data/PDB/AbEpiTope/4jlr_ag_S_ab_L_H_swap_2jel_ag_P_ab_L_H.pdb,0.0
2jel_4u0r,A,"B,C",../../GraPPI_data/PDB/AbEpiTope/2jel_ag_P_ab_L_H_swap_4u0r_ag_A_ab_C_B.pdb,0.0
1jps_5otj,A,"B,C",../../GraPPI_data/PDB/AbEpiTope/1jps_ag_T_ab_L_H_swap_5otj_ag_D_ab_A_B.pdb,0.0
5usl_3qum,A,"B,C",../../GraPPI_data/PDB/AbEpiTope/5usl_ag_X_ab_L_H_swap_3qum_ag_Q_ab_C_D.pdb,0.0
2vir_4u0r,A,"B,C",../../GraPPI_data/PDB/AbEpiTope/2vir_ag_C_ab_A_B_swap_4u0r_ag_A_ab_C_B.pdb,0.0
5usl_1wej,A,"B,C",../../GraPPI_data/PDB/AbEpiTope/5usl_ag_X_ab_L_H_swap_1wej_ag_F_ab_L_H.pdb,0.0
2vir_5otj,A,"B,C",../../GraPPI_data/PDB/AbEpiTope/2vir_ag_C_ab_A_B_swap_5otj_ag_D_ab_A_B.pdb,0.0
1jps_5usl,A,"B,C",../../GraPPI_data/PDB/AbEpiTope/1jps_ag_T_ab_L_H_swap_5usl_ag_X_ab_L_H.pdb,0.0
1e6j_1iqd,A,"B,C",../../GraPPI_data/PDB/AbEpiTope/1e6j_ag_P_ab_L_H_swap_1iqd_ag_C_ab_A_B.pdb,0.0
1iqd_1wej,A,"B,C",../../GraPPI_data/PDB/AbEpiTope/1iqd_ag_C_ab_A_B_swap_1wej_ag_F_ab_L_H.pdb,0.0
4u0r_1e6j,A,"B,C",../../GraPPI_data/PDB/AbEpiTope/4u0r_ag_A_ab_C_B_swap_1e6j_ag_P_ab_L_H.pdb,0.0
1wej_1nsn,A,"B,C",../../GraPPI_data/PDB/AbEpiTope/1wej_ag_F_ab_L_H_swap_1nsn_ag_S_ab_L_H.pdb,0.0
1bj1_2vir,"A,B","C,D",../../GraPPI_data/PDB/AbEpiTope/1bj1_ag_V_W_ab_L_H_swap_2vir_ag_C_ab_A_B.pdb,0.0
