PDB,pKa,Pairwise interaction
1WEJ,9.148741651280930,HL;F
1PPE,11.522878745280300,E;I
1PVH,7.096910013008060,A;B
3SGB,10.744727494896700,E;I
1KTZ,6.537602002101040,A;B
2PCC,5.795880017344080,A;B
2MTA,5.346787486224660,HL;A
1FSK,9.619788758288390,BC;A
1R0R,10.537602002101000,E;I
2PCB,5,A;B
1P2C,10,AB;C
1JTG,9.397940008672040,B;A
1BJ1,8.468521082957750,HL;VW
1JPS,10,HL;T
1Z0K,5.113509274827520,A;B
2TGP,5.619788758288390,Z;I
1MLC,7.040958607678910,AB;E
2GOX,8.853871964321760,A;B
1J2J,5.958607314841780,A;B
2AJF,7.795880017344080,A;E
1ZHI,6.698970004336020,A;B
1E96,5.568636235841010,A;B
1KXQ,8.455931955649720,H;A
1AVZ,4.795880017344080,B;C
1QA9,5.045757490560680,A;B
1CBW,7.958607314841780,ABC;D
1BUH,7.113509274827520,A;B
1DQJ,8.552841969,AB;C
1EWY,5.443697499232710,A;C
2VIR,9,AB;C
2VIS,5.3979400086720400,AB;C
2A9K,7.221848749616360,A;B
2OOB,4.221848749616360,A;B
1BVN,11.036212172654400,P;T
1EFN,7.420216403,B;A
2ABZ,8.552841969,B;E
1GCQ,4.769551078621730,B;C
1HE8,5.494850021680090,B;A
1KAC,7.823908740944320,A;B
1GLA,4.958607314841780,G;F
1S1Q,3.193820026016110,A;B
1VFB,8.431798275933010,AB;C
2FJU,5.275724130399210,B;A
1E6J,7.5376020021010400,HL;P
1US7,5.823908740944320,A;B
1ACB,9.698970004336020,E;I
3BZD,7.017728766960430,A;B
1A2K,6.823908740944320,C;AB
1AKJ,3.886056647693160,AB;DE
2HQS,7.568636235841010,A;H
1K5D,9.522878745280340,AB;C
1EZU,10.096910013008100,C;AB
2I25,9,N;L
1BVK,7.853871964321760,DE;F
1JWH,7.886056647693160,CD;A
1EMV,13.619788758288400,A;B
1XU1,8.193820026016110,ABD;T
1AK4,4.795880017344080,A;D
1E6E,6.0655015487564300,A;B
1GXD,8.283996656,A;C
1I4D,5.522878745280340,D;AB
1FFW,5.853871964321760,A;B
4CPA,8.301029995663980,A;I
2WPT,7.823908740944320,A;B
1FC2,7.638272163982410,C;D
1MQ8,5.522878745280340,A;B
1XQS,5.187086643357140,A;C
1LFD,5.721246399047170,B;A
2AQ3,4.920818753952380,A;B
1B6C,6.552841968657780,A;B
2HRK,8.045757490560680,A;B
2NYZ,9.301029995663980,AB;D
1I2M,11.602059991328000,A;B
3CPH,6.481486060122110,G;A
1KKL,7.346787486224660,ABC;H
1EER,11.431798275933000,A;BC
1E4K,5.769551078621730,AB;C
2C0L,6.958607314841780,A;B
1ATN,8.698970004336020,A;D