PDB,pKa,Pairwise Interaction
1axi,7.853871964321762,B; A;
1ees,7.698970004336019,A; B;
1pjn,7.657577319177793,B; A;
1sb0,4.823908740944319,A; B;
1t63,4.823908740944319,A; B;
1t6b,9.397940008672037,X; Y;
1tba,9,A; B;
1uel,5.468521082957745,A; B;
1veu,7.892790030352131,A; B;
1wa7,5.018634490921456,A; B;
1wr1,4.8297382846050425,A; B;
1zgu,4.008773924307505,A; B;
2ftl,13.221848749616356,E; I;
2jgz,3,A; B;
2jt4,4.3979400086720375,A; B;
2k5b,5.3979400086720375,A; B;
2k8f,5.568636235841013,A; B;
2lp4,2.3979400086720375,A; Y;
2luh,6.154901959985743,A; B;
2n73,6.494850021680094,A; B;
2n8j,7.970616222,A; B;
2omu,9.221848749616356,B; A;
2p44,7.698970004336019,A; B;
2rnr,6.823908740944319,A; B;
2vda,5.522878745280337,A; B;
2wwx,7.102372908709558,A; B;
3bh6,7.022276394711152,A; B;
3ch5,3.9208187539523753,A; B;
3di3,7.6777807052660805,A; B;
3gj3,4.309803919971486,A; B;
3h6g,4.823908740944319,A; B;
3knb,6.026872146400302,A; B;
3kud,5.769551078621726,A; B;
3kw5,6.414539270491499,A; B;
3n4i,8.958607314841775,A; B;
3oky,5.886056647693163,A; B;
3ona,6.167491087293763,A; B;
3uyp,5.3872161432802645,A; B;
3vv2,10.28399666,A; B;
4apx,5.537602002101044,A; B;
4d0g,5.7447274948966935,A; C;
4exp,6.301029995663981,A; X;
4f48,5.494850021680094,A; B;
4i6l,7.698970004336019,A; B;
4iyp,6.522878745280337,A; C;
4je4,7.853871964321762,A; B;
4p3y,6.835647144215563,A; B;
4rey,6.966576244513051,A; B;
4rt6,7.879426069,A; B;
4uyq,10.853871964321762,A; B;
4wnd,7.482804102050026,A; B;
4x33,6.6020599913279625,A; B;
4zqu,7.795880017344075,A; B;
5eql,7.167491087293763,A; B;
5f4e,7.318758762624412,A; B;
5g1x,4.91721463,A; B;
5k22,7.6020599913279625,A; B;
5l8j,5.698970004336019,A; B;
5ml9,6.663540266,A; B;
5mtm,8.154901959985743,A; B;
5nwm,7.3979400086720375,A; B;
5szj,3.1023729087095586,A; B;
5szk,5.958607314841775,A; B;
5tvq,6.055517327849832,A; B;
5ufe,7.298432014944073,A; B;
5v6a,7.274088367704952,A; B;
5wpa,6.259637310505756,A; B;
5xoc,5.096910013008056,A; B;
5yr0,5.119186407719209,A; B;
6arq,4.991399828238082,A; D;
6aw2,7.2441251443275085,A; B;
6cbp,5.154901959985743,P; A;
6d13,8.031517051446064,A; B;
6e3i,8.493494967595128,A; B;
6eg0,4.1095789811990855,A; B;
6f9s,5.790484985457369,A; B;
6ff3,7.866461091629782,A; B;
6fg8,6.008773924307505,A; B;
6fud,7.136677139879544,A; B;
6gbg,6.379863945026242,D; A;
6i3f,7.692503962086787,A; B;
6isc,5.619788758288394,A; B;